epoch,time,train/box_loss,train/cls_loss,train/dfl_loss,metrics/precision(B),metrics/recall(B),metrics/mAP50(B),metrics/mAP50-95(B),val/box_loss,val/cls_loss,val/dfl_loss,lr/pg0,lr/pg1,lr/pg2
1,57.4197,0.48918,3.05122,0.99982,0.00658,1,0.63986,0.57065,0.43309,3.02231,0.87015,0.00011669,0.00011669,0.00011669
2,112.153,0.38708,2.64347,0.92504,0.00657,1,0.82869,0.72478,0.29666,2.99552,0.84218,0.000225295,0.000225295,0.000225295
3,167.173,0.41096,2.04033,0.91614,0.00657,1,0.84419,0.74292,0.37749,2.97184,0.85984,0.000307495,0.000307495,0.000307495
4,228.44,0.42222,1.73552,0.91622,0.00637,0.96667,0.83283,0.71686,0.39013,2.88928,0.86865,0.000363289,0.000363289,0.000363289
5,290.509,0.44386,1.54008,0.93243,0.00642,0.98,0.76783,0.6463,0.41997,2.85274,0.87683,0.000392679,0.000392679,0.000392679
6,354.296,0.44377,1.38039,0.96066,0.00623,0.94667,0.78826,0.66397,0.42122,2.77484,0.86939,0.000395662,0.000395662,0.000395662
7,418.662,0.40153,1.29875,0.91442,1,0.51658,0.87812,0.7633,0.39851,2.63811,0.86388,0.000372241,0.000372241,0.000372241
8,482.398,0.37286,1.27878,0.89294,1,0.45747,0.92556,0.84927,0.39248,2.5351,0.86599,0.000322414,0.000322414,0.000322414
9,546.213,0.35125,1.19745,0.90643,1,0.62729,0.95283,0.88916,0.38177,2.3179,0.86748,0.000246183,0.000246183,0.000246183
10,609.254,0.37344,1.17312,0.90261,1,0.67675,0.9552,0.89289,0.3695,2.1886,0.8722,0.000143545,0.000143545,0.000143545
